Fig. 35 art. 103,altri pericoli
Fig. 24 art. 95,animali domestici
Fig. 25 art. 95,animali selvatici
Fig. 320 art. 135,area pedonale
Fig. 321 art. 135,area pedonale fine
Fig. 324 art. 135,attr ciclabile
Fig. 14 art. 88,attr ciclabile preavviso
Fig. 303 art. 135,attr pedonale
Fig. 13 art. 88,attr pedonale preavviso
Fig. 23 art. 94,bambini
Fig. 21 art. 92,banchina pericolosa
Fig. 30/a art. 98,caduta massi dx
Fig. 30/b art. 98,caduta massi sx
Fig. 87 art. 122,catene obbligatorie
Fig. 273 art. 131,centro abitato
Fig. 273f art. 131,centro abitato fine
Fig. 92a art. 122,ciclabile pedonale contigua
Fig. 93a art. 122,ciclabile pedonale contigua fine
Fig. 92b art. 122,ciclabile pedonale mista
Fig. 93b art. 122,ciclabile pedonale mista fine
,confine territoriale
,confine territoriale fine
Mod. 5/b2,continua orizzontale
Mod. 5/a2,continua verticale
Fig. 3 art. 86,cunetta
Fig. 4 art. 86,curva destra
Fig. 5 art. 86,curva sinistra
Fig. 80c art. 122,direzione obbligatoria destra
Fig. 80a art. 122,direzione obbligatoria dritto
Fig. 80b art. 122,direzione obbligatoria sinistra
Fig. 15 art. 89,discesa pericolosa
Fig. 56 art. 117,divieto di transito motocicli
Fig. 75 art. 120,divieto fermata
Fig. 51 art. 116,divieto segnalazioni acustiche
Fig. 48 art. 116,divieto sorpasso
Fig. 74 art. 120,divieto sosta
Fig. 75 art. 120,divieto sosta fermata
Mod. 8 art. 83 8/a,divieto sosta temporaneo
Fig. 46 art. 116,divieto transito
,divieto transito autoarticolati
Fig. 59 art. 117,divieto transito autobus
Fig. 60a art. 117,divieto transito autocarri
Fig. 54 art. 117,divieto transito pedoni
Fig. 61 art. 117,divieto transito rimorchio
Fig. 6 art. 86,doppia curva dx
Fig. 7 art. 86,doppia curva sx
Fig. 26 art. 96,doppio senso di circolazione
Fig. 2 art. 85,dosso
Fig. 304 art. 125,fermata scuolabus
Fig. 70 art. 119,fine divieto (via libera)
Mod. 5/a3,fine verticale
Mod. 5/b1,inizio orizzontale
Mod. 5/a1,inizio verticale
Mod. 4 art. 83 4/a,integrativo autoarticolato
,integrativo autotreno
Mod. 6 art. 83 6/a,integrativo rimozione
Fig. 43a art. 112,intersezione con precedenza
Fig. 40 art. 109,intersezione dare precedenza
,lavori
Fig. 50 art. 116,limite velocita 30
Fig. 50 art. 116,limite velocita 50
Fig. 50 art. 116,limite velocita 70
Fig. 50 art. 116,limite velocita 90
Fig. 76 art. 120,parcheggio
Fig. 79a art. 120,parcheggio disabili
Fig. 8 art. 87,passaggio a livello con barriere
Fig. 9 art. 87,passaggio a livello senza barriere
Fig. 82b art. 122,passaggio obbligatorio dx
Fig. 82a art. 122,passaggio obbligatorio sx
Fig. 88 art. 122,percorso pedonale
Fig. 92b art. 122,percorso pedonale ciclabile
Fig. 89 art. 122,percorso pedonale fine
Fig. 90 art. 122,pista ciclabile
Fig. 91 art. 122,pista ciclabile fine
Fig. 80d art. 122,preavviso direzione obbligatoria dx
Fig. 80e art. 122,preavviso direzione obbligatoria sx
Fig. 13 art. 88,preavviso pedonale
Fig. 27 art. 96,preavviso rotatoria
Fig. 36 art. 106,dare la precedenza
Fig. 27 art. 96,rotatoria
Fig. 16 art. 89,salita ripida
Fig. 45 art. 114,precedenza senso unico alternato
Fig. 348 art. 135,senso unico dx
Fig. 349 art. 135,senso unico frontale
Fig. 348 art. 135,senso unico sx
Fig. 47 art. 116,senso vietato
Fig. 37 art. 107,fermarsi e dare la precedenza
Fig. 1 art. 85,strada dissestata/deformata
Fig. 22 art. 93,strada sdrucciolevole
Fig. 17 art. 90,strettoia simmetrica
Fig. 19 art. 90,strettoia asimmetrica dx
Fig. 18 art. 90,strettoia asimmetrica sx
Fig. 323a art. 135,zona 30
Fig. 323b art. 135,zona 30 fine
Fig. 318 art. 135,zona residenziale
Fig. 319 art. 135,zona residenziale fine
